<!DOCTYPE hibernate-configuration PUBLIC "-//Hibernate/Hibernate Configuration DTD 3.0//EN" "http://hibernate.sourceforge.net/hibernate-configuration-3.0.dtd">
<hibernate-configuration>
    <session-factory>
        <!-- JDBC Database connection settings -->
        <property name="hibernate.connection.driver_class">com.mysql.cj.jdbc.Driver</property>
        <property name="hibernate.connection.url">jdbc:mysql://localhost:3306/primary_db</property>
        <property name="hibernate.connection.username">root</property>
        <property name="hibernate.connection.password">password</property>

        <!-- Specify dialect -->
        <property name="hibernate.dialect">org.hibernate.dialect.MySQL8Dialect</property>

        <!-- Enable Hibernate's automatic session context management -->
        <property name="hibernate.current_session_context_class">thread</property>

        <!-- Echo all executed SQL to stdout -->
        <property name="hibernate.show_sql">true</property>

        <!-- Drop and re-create the database schema on startup -->
        <property name="hibernate.hbm2ddl.auto">update</property>
        
        <!-- Batch processing configuration -->
        <property name="hibernate.jdbc.batch_size">30</property>
        <property name="hibernate.order_inserts">true</property>
        <property name="hibernate.order_updates">true</property>
    </session-factory>
</hibernate-configuration>
